Hari,Protein,Serat,Kalsium,Fosfor,Kalori,Gula,Massa
Senin,28.0,18.0,0.6,1.0,320.0,52.0,90.0
Selasa,36.33,26.0,1.7132999999999998,0.9467000000000001,313.3,42.0,90.0
Rabu,34.0,18.6,0.7,1.1,344.0,52.0,90.0
Kamis,38.93,33.0,101.9933,1.1067,291.70000000000005,34.0,90.1
Jumat,37.33,27.0,1.8333,1.2667000000000002,397.3,62.0,90.0
Sabtu,27.2,20.0,100.56,0.76,196.8,22.0,90.1
Minggu,27.0,14.0,100.46,1.2,216.0,27.0,90.1
