Hari,Protein,Serat,Kalsium,Fosfor,Kalori,Gula,Massa
Senin,39.33,29.0,2.0333,1.2667000000000002,373.3,54.0,90.0
Selasa,39.33,29.0,2.0333,1.2667000000000002,373.3,54.0,90.0
Rabu,26.0,20.5,0.78,0.95,280.0,44.0,90.0
Kamis,37.33,27.0,1.8333,1.2667000000000002,397.3,62.0,90.0
Jumat,38.73,30.0,1.9133,1.0267000000000002,330.9,44.0,90.0
Sabtu,37.33,27.0,1.8333,1.2667000000000002,397.3,62.0,90.0
Minggu,36.73,28.0,1.7132999999999998,1.0267000000000002,354.9,52.0,90.0
